Workbook

Sheet Leia-me
A1: Validação Comex — carga de EX-tarifário e Detalhes DI no cadastro de produtos (Protheus)
A2: Chamado: Comex — relatórios perdidos na migração SAP → TOTVS (Rascunho DUIMP). Gerado em 02/10/2026 a partir do ambiente de desenvolvimento (cópia até ~13/08/2026).
A3: NADA foi alterado no sistema. Esta planilha é só a proposta para o Comex conferir antes de qualquer carga.
A5: Por que existe:
A6: • O campo padrão de EX do produto (B1_EX_NCM, "Ex-NCM — determina % I.I.") existe, mas está vazio em TODOS os 4.308 registros de produto.
A7: • O Rascunho DUIMP precisa dele. A única fonte hoje é a aba "ITENS COM EX - 2026" da planilha do Comex (3.248 itens).
A8: • Desses 3.248, só 146 correspondem a um produto cadastrado no Protheus (144 pelo código Protheus, 2 pelo código SAP). Os outros 3.102 não têm produto no Protheus.
A10: Como preencher (só as colunas em AMARELO):
A11: • Aba EX_para_validar: em "Validação Comex" escreva OK (EX correto) ou CORRIGIR. Se CORRIGIR, informe o EX certo em "EX corrigido" (3 dígitos, ex. 002) ou deixe vazio para não carregar.
A12: • A coluna "NCM confere?" é automática. DIVERGE = NCM do cadastro diferente da NCM da aba de EX: o EX vale para uma NCM, então esses itens precisam de atenção (9 casos).
A13: • Aba Faltam_no_cadastro_PO886: itens da PO 886 cujo EX e/ou Detalhes DI aparecem no modelo do Comex mas não estão no cadastro nem na aba de EX. O texto proposto veio do próprio modelo.
A14: • Exemplo de linha preenchida: Validação Comex = OK ; EX corrigido = (vazio) ; Observação = (vazio).
A16: Resumo
A17: Produtos com EX proposto | B17: =COUNTA(EX_para_validar!A2:A1000) -> 146
A18: NCM confere | B18: =COUNTIF(EX_para_validar!G2:G1000,"OK") -> 137
A19: NCM diverge (atenção) | B19: =COUNTIF(EX_para_validar!G2:G1000,"DIVERGE") -> 9
A20: Validados OK pelo Comex | B20: =COUNTIF(EX_para_validar!M2:M1000,"OK") -> 0
A21: Marcados para corrigir | B21: =COUNTIF(EX_para_validar!M2:M1000,"CORRIGIR") -> 0
A22: Ainda sem validação | B22: =COUNTA(EX_para_validar!A2:A1000)-COUNTA(EX_para_validar!M2:M1000) -> 146

Sheet EX_para_validar
A1: Código Protheus | B1: Código SAP (cadastro) | C1: Descrição (cadastro) | D1: Fornecedor (aba EX) | E1: NCM cadastro (B1_POSIPI) | F1: NCM aba EX | G1: NCM confere? | H1: EX proposto (aba EX) | I1: Vigência do EX (aba) | J1: Alíquota II % (aba) | K1: Filiais onde o produto existe | L1: Casado por | M1: Validação Comex | N1: EX corrigido | O1: Observação
A2: RV-012-00023 | B2: I002837 | C2: REDUTOR PLANETARIO APEX AE205-060-SWA-71-9.3-30 | D2: APEX | E2: 84834010 | F2: 8483.40.10 | G2: =IF(SUBSTITUTE(F2,".","")=TRIM(E2),"OK","DIVERGE") -> OK | H2: 217 | I2: 46721 | J2: 12.6 | K2: 3001 | L2: Código Protheus
A3: RV-012-00025 | B3: I005146 | C3: REDUTOR PLANETARIO AP NEO-AT110FH-010-MPL-B4530F | D3: APEX | E3: 84834010 | F3: 8483.40.10 | G3: =IF(SUBSTITUTE(F3,".","")=TRIM(E3),"OK","DIVERGE") -> OK | H3: 217 | I3: 46721 | J3: 12.6 | K3: 3001 | L3: Código Protheus
A4: RV-012-00026 | B4: I005160 | C4: REDUTOR PLANETARIO AP NEO-AE050-005-MPL-B220T | D4: APEX | E4: 84834010 | F4: 8483.40.10 | G4: =IF(SUBSTITUTE(F4,".","")=TRIM(E4),"OK","DIVERGE") -> OK | H4: 217 | I4: 46721 | J4: 12.6 | K4: 3001 | L4: Código Protheus
A5: RV-012-00030 | B5: I006253 | C5: REDUTOR PLANETARIO AP NEO- AD110M1-020-P2-1FK7063-2AH71 | D5: APEX | E5: 84834010 | F5: 8483.40.10 | G5: =IF(SUBSTITUTE(F5,".","")=TRIM(E5),"OK","DIVERGE") -> OK | H5: 217 | I5: 46721 | J5: 12.6 | K5: 3001 | L5: Código Protheus
A6: RV-012-00032 | B6: I006263 | C6: REDUTOR PLANETARIO AP NEO-AE205-010-BSH-2051M-D57N4 | D6: APEX | E6: 84834010 | F6: 8483.40.10 | G6: =IF(SUBSTITUTE(F6,".","")=TRIM(E6),"OK","DIVERGE") -> OK | H6: 217 | I6: 46721 | J6: 12.6 | K6: 3001 | L6: Código Protheus
A7: RV-012-00033 | B7: I006264 | C7: REDUTOR PLANETARIO AP NEO- AF180-100-S2-P0-BSH-1401P-D34N | D7: APEX | E7: 84834010 | F7: 8483.40.10 | G7: =IF(SUBSTITUTE(F7,".","")=TRIM(E7),"OK","DIVERGE") -> OK | H7: 217 | I7: 46721 | J7: 12.6 | K7: 3001 | L7: Código Protheus
A8: RV-012-00034 | B8: I006265 | C8: REDUTOR PLANETARIO AP NEO- AF220-100-S2-P0-BSH-2051M-D57N | D8: APEX | E8: 84834010 | F8: 8483.40.10 | G8: =IF(SUBSTITUTE(F8,".","")=TRIM(E8),"OK","DIVERGE") -> OK | H8: 217 | I8: 46721 | J8: 12.6 | K8: 3001 | L8: Código Protheus
A9: RV-012-00035 | B9: I006430 | C9: REDUTOR PLANETARIO AP NEO- AER070-007-SMB826003714230 | D9: APEX | E9: 84834010 | F9: 8483.40.10 | G9: =IF(SUBSTITUTE(F9,".","")=TRIM(E9),"OK","DIVERGE") -> OK | H9: 217 | I9: 46721 | J9: 12.6 | K9: 3001 | L9: Código Protheus
A10: RV-012-00036 | B10: I006469 | C10: REDUTOR PLANETARIO AP NEO-AD140-020-P2-1FT6084-8SF71 | D10: APEX | E10: 84834010 | F10: 8483.40.10 | G10: =IF(SUBSTITUTE(F10,".","")=TRIM(E10),"OK","DIVERGE") -> OK | H10: 217 | I10: 46721 | J10: 12.6 | K10: 3001 | L10: Código Protheus
A11: RV-012-00037 | B11: I006593 | C11: REDUTOR PLANETARIO AP NEO-AD090-031-P0-AKM32E-GC-320 | D11: APEX | E11: 84834010 | F11: 8483.40.10 | G11: =IF(SUBSTITUTE(F11,".","")=TRIM(E11),"OK","DIVERGE") -> OK | H11: 217 | I11: 46721 | J11: 12.6 | K11: 3001 | L11: Código Protheus
A12: RV-012-00038 | B12: I006738 | C12: REDUTOR PLANETARIO AP NEO-AER070-020-ECMA-C20604 | D12: APEX | E12: 84834010 | F12: 8483.40.10 | G12: =IF(SUBSTITUTE(F12,".","")=TRIM(E12),"OK","DIVERGE") -> OK | H12: 217 | I12: 46721 | J12: 12.6 | K12: 3001 | L12: Código Protheus
A13: RV-012-00046 | B13: I007498 | C13: REDUTOR PLANETARIO AP NEO- AD090M1-010-P2-1FK7063-2AH71 | D13: APEX | E13: 84834010 | F13: 8483.40.10 | G13: =IF(SUBSTITUTE(F13,".","")=TRIM(E13),"OK","DIVERGE") -> OK | H13: 217 | I13: 46721 | J13: 12.6 | K13: 3001 | L13: Código Protheus
... A140: RV-012-00369 | B140: I017964 | C140: REDUTOR PLANETÁRIO KOFON KPE090-1-139-10 | D140: KOFON | E140: 84834010 | F140: 8483.40.10 | G140: =IF(SUBSTITUTE(F140,".","")=TRIM(E140),"OK","DIVERGE") -> OK | H140: 217 | I140: 46721 | J140: 12.6 | K140: 3001 | L140: Código Protheus
A141: RV-012-00513 | C141: REDUTOR PLANETARIO KOFON KPLF070-1-117-4 | D141: KOFON | E141: 84834010 | F141: 8483.40.10 | G141: =IF(SUBSTITUTE(F141,".","")=TRIM(E141),"OK","DIVERGE") -> OK | H141: 217 | I141: 46721 | J141: 12.6 | K141: 3001 | L141: Código Protheus
A142: RV-012-00560 | C142: REDUTOR PLANETARIO KOFON KPE090-2-134-30 | D142: KOFON | E142: 84834010 | F142: 8483.40.10 | G142: =IF(SUBSTITUTE(F142,".","")=TRIM(E142),"OK","DIVERGE") -> OK | H142: 217 | I142: 46721 | J142: 12.6 | K142: 3001 | L142: Código Protheus
A143: RV-012-00561 | C143: REDUTOR PLANETARIO KOFON KPH090-2-100-P1-BMH0701P-PCD75-C3=11MM | D143: KOFON | E143: 84834010 | F143: 8483.40.10 | G143: =IF(SUBSTITUTE(F143,".","")=TRIM(E143),"OK","DIVERGE") -> OK | H143: 217 | I143: 46721 | J143: 12.6 | K143: 3001 | L143: Código Protheus
A144: RV-012-00562 | C144: REDUTOR PLANETARIO KOFON KPH120-3-100-P1-BMH0702P-PCD75-C3=11MM | D144: KOFON | E144: 84834010 | F144: 8483.40.10 | G144: =IF(SUBSTITUTE(F144,".","")=TRIM(E144),"OK","DIVERGE") -> OK | H144: 217 | I144: 46721 | J144: 12.6 | K144: 3001 | L144: Código Protheus
A145: RV-012-00563 | C145: REDUTOR PLANETARIO KOFON KPE070-2-103-20 | D145: KOFON | E145: 84834010 | F145: 8483.40.10 | G145: =IF(SUBSTITUTE(F145,".","")=TRIM(E145),"OK","DIVERGE") -> OK | H145: 217 | I145: 46721 | J145: 12.6 | K145: 3001 | L145: Código Protheus
A146: RV-012-00176 | B146: I016159 | C146: REDUTOR CICLOIDAL NABTESCO RDS-40E-153-G2-ZZ-ZZ | D146: NABTESCO | E146: 84834010 | F146: 8483.40.10 | G146: =IF(SUBSTITUTE(F146,".","")=TRIM(E146),"OK","DIVERGE") -> OK | H146: 472 | I146: 46964 | J146: 12.6 | K146: 3001 | L146: Código Protheus
A147: RV-012-00699 | C147: ACESSORIO REDUTOR APEX BUSHING D19-S16 | D147: NABTESCO | E147: 84839000 | F147: 8483.40.10 | G147: =IF(SUBSTITUTE(F147,".","")=TRIM(E147),"OK","DIVERGE") -> DIVERGE | H147: 472 | I147: 46964 | J147: 12.6 | K147: 3001 | L147: Código Protheus

Sheet Faltam_no_cadastro_PO886
A1: Código Protheus | B1: Código SAP (modelo) | C1: Código SAP no cadastro | D1: Falta EX? (modelo tem, cadastro e aba EX não) | E1: EX do modelo | F1: Falta Detalhes DI? (B1_ZDETDI vazio) | G1: Texto Detalhes DI proposto (do modelo) | H1: Validação Comex | I1: Observação
A2: RV-002-00041 | B2: I014305 | C2: I014305 | F2: SIM | G2: PRODUTO COM PART NUMBER 558323-005 REFERENTE AO COMPONENTE DE IMPRESSORA DATACARD, LINHA SD.
A3: RV-002-00132 | B3: I014304 | C3: I014304 | F3: SIM | G3: PRODUTO COM PART NUMBER 572771-001 REFERENTE AO COMPONENTE DE IMPRESSORA DATACARD, LINHA SD.
A4: RV-002-00154 | B4: I016497 | C4: I016497 | F4: SIM | G4: PRODUTO COM PART NUMBER 512442-001 REFERENTE AO COMPONENTE DE IMPRESSORAS DATADARD, LINHA SD, ROLETE DE REGISTRO E TRANSPORTE DE CARTÕES DURANTE IMPRESSÃO E CONTROLE DE RIBBON. I008994
A5: RV-002-00166 | B5: I100194 | C5: I100194 | D5: SIM | E5: 009 | F5: SIM | G5: IMPRESSORA DE CARTÕES PVC, OU REVESTIDOS EM PVC, POR MEIO DE TRANSFERÊNCIA TÉRMICA DIRETA (DYE SUBLIMATION), POR MEIO DE FITAS DE RESINA, COM MÓDULO DUPLEX, PERMITINDO IMPRESSÃO FRENTE E VERSO AUTOMÁTICO. COM POSSIBILIDADE DE INSTALAÇÃO DE MÓDULO DE LEITURA E GRAVAÇÃO DE “CHIP”, COM OU SEM CONTATO, PODENDO OPERAR COM EMBARALHAMENTO DOS DADOS IMPRESSOS POR MEIO DAS FITAS DE RESINA DOADORAS DE COR AO CARTÃO. POSSUI VELOCIDADE DE 185 CARTÕES POR HORA (CONSIDERANDO IMPRESSÃO EM UMA FACE)
A6: RV-002-00167 | B6: I014539 | C6: (vazio) | D6: SIM | E6: 002 | F6: SIM | G6: Mecanismo de impressão com dispositivos mecânicos e eletrônicos, próprios para utilização em impressora de transferência térmica de resina sólida com sublimação de tinta (dye sublimation), contendo rolo plástico com engrenagens na superfície interna e um sensor de radiofrequência (RFID) para comunicação com a impressora, filme polimérico dotado de seções alternadas das cores amarelo, magenta, ciano, preto e painel transparente, rolete adesivado de limpeza e cartão de limpeza.
A7: RV-002-00168 | B7: I014523 | C7: (vazio) | D7: SIM | E7: 009 | F7: SIM | G7: Máquinas de termotransferência utilizadas para impressão de cartões plásticos (PVC ou revestidos com PVC), utilizando transferência térmica "dye sublimation", com módulo de leitura e/ou gravação de "chip" com ou sem contato, podendo operar com embaralhamento dos dados impressos por meio das fitas tintadas doadoras de cor ao cartão, com velocidade máxima igual ou superior a 150 cartões/h (impressão uma face). PN do Fabricante 525302-003
A8: RV-002-00171 | B8: I016148 | C8: (vazio) | F8: SIM | G8: Rolete preto de plástico comprido, envolvido de borracha preta com engrenagem em apenas uma das pontas.
